sent1qd5cvs4tel4a5zzgq2qgsmvyfzp7ytpx3fhzfs,287240
sent1qsk66jfz02x9r6433xdj5ptkpfp07ytkwx8utv,92640173
sent1qnzmvlkfphtye6kycctadyjmyjhz4yn4mpap6j,57448064
sent1quva893f8euhgsatey26s2ck82umtpq4pt6t85,4186239
sent1prqrer7757gty3djewnup9283e3ktnl0z5vpn3,426839
sent1pkveqqkmzsu0lw9206ju7rtzkevayvu4jdsles,115470609
sent1penq5h8xxcuwjhnwvj5d7y98z64nx8ssj2mzj7,183296665
sent1zxhrnzlnr2y96rkude3m07pz04xug4eeraylcp,7985281
sent1zv0sfn4ttmnpmprdjmweeszwex77qgx57haleg,30160234
sent1zdx5xzs79tmv6vu2x3684l5q3jym8k67upaam4,29901717
sent1r0mjrsjfprau9rwwxe04hkzfud696n3xmp8vxr,578007950
sent1rksdun4z9k54p94hepn3gden99728xwae2pr0q,100635220
sent1y4mathf6xqn6g4mcykprrwczxld9pqxu7f0v4e,2298
sent1yapj782cpsx9u2nd4fv7yvqrumv9jlzrdlv7dl,213053039
sent1997n6vwgu3l250ltam0raut07970cumjmz2tzt,87970795
sent190sxcnekasqluvc7a6gx5ykguq70jkd5hly77t,1203870138
sent1xcqt9tu9q9jzculqrryzp3v472336vlfu509j6,5744806
sent1x62vpe4eqtmfwfv2j94hnwv40nryl36kv7nxp0,110974149
sent1863dv4gnx9uq0ehjv4835ewhfg0uklpmvdm08n,4595845
sent1gg5xw45tkzy2maepr4uf3kafat9ue45d6zvmxx,57448
sent1f8l97avty8h3q0krygez8clly3drfkq9memdun,2843679
sent1f44ackqlt03ud4064sq7apuhtqlllv2hxhsr90,22612707
sent1fhl3mweztg6frpc06v0vjtf53ewfdtstnvkv6g,27001
sent1f7653xmmtk6c5ph8va37juwfzxdfcfw002xr7w,287240320
sent12gjmwyxwpuzjkqktmkpeqlp354d2fxn7qn6kav,233167904
sent12h9vlv8h5358p2d0sfgczt0wugvde8tnq6j5m7,6911577
sent1tp0390jp407aduzj5za3txzftnmp3m8cg4g5c9,910904544
sent1tg35xn6jf3h65q40eaymqy45gwtu0rnft09k28,265600782
sent1vqfcl8mx9fkunwse5f3ydqqkr60xz9gpn5yqu0,373412
sent1vx0z6c7r2qaa66enxq9qvlkw45fqvqy8033728,8617
sent1v29hdduch7t2c62p80hsnge6hunyvj056r8x8z,10545741
sent1vwtr4k00w936uutgpek57vl90vp88vmzjvnzua,88498742
sent1vjn838z923hgaws0nuqwjzynhgrzn9rrdcg35r,1149
sent1vnlhfv6pn3s95vt794avgg5zsz4jegc9qvzjlp,154811043
sent1vkunguxa9ek7zfndlztv55xhgagx2246wxmjjp,114896128
sent1vl93j77mwxsm8kjh2a7060xgay5dfrvmyxs092,62242105
sent1ds8fc5dkvpxwudgqsezhwvmj4u5dnjx5rtk3wm,285127380
sent1w25tyg0ghmsdzcuufep3lfxe6t8puv89yl265x,18807347
sent1w4cyhw4t3j39ckasp36kmqqevh7ta8su8kgm0g,449818
sent10gvh4rjjx9aktjmzn20e06alzscg8n7mqwq69l,5866022
sent10wu6j5qr0wk929k02j08rukmn0smnurtwmv8fl,16439338
sent107hufl8hjy5pe6wr582wncjlt3yxssja224729,114896128
sent1szavj80p69sth5mn8hn7ed5g44ccr8ha94ty26,13696193
sent1sywqmssxxgvw5544effpqw6mn9xzdn3cn2xu5n,195143605
sent134ap4wu0v7rjduktvv2h7jsvh2eqprngp0swsc,2251390
sent136gtx8m238907x02rnhxpwkwvwn0hpvhv8e3dy,386625
sent1jhezgk6vke9q30yqd88nvza634lzl0twzw3tgd,20048800
sent1nes3mlsmmu29prtehkwxg2wgtfs274jgpza0nj,1731881039
sent15f46k58ca87cj7844rgz4z47axpksq96rh0p07,17343570
sent15wny3ck5n92202c827n2cpuhv58nutgj3tlkfa,1590737
sent15a0qx0duvqcse6wcq3ajlsfk084nm35jlhvn6h,31596435
sent1kvww4dwq6t5fulsz0d8c3wmxyzwfrfk3u4cy6y,574481
sent1kwwp7f5pszyxr39whf2rwm7gly596mdwvqe3na,13480188
sent1kuk36gvqzlp2xx308khwxsk67wgk05nm8r3fzm,5326010
sent1hfkgxzrkhxdxdwjy8d74jhc4dcw5e9zm7vfzh4,6002748
sent1h0cyspv369v4wlr4kkg0fev74r2ehqs2rynz8q,16659939
sent1ezqhcj04yv3trlj93k5nvqdf6sh7ux9l0vangz,1595045495
sent1e9ypey89gw0vslgpx6t57sylxeu6s8zsnmja98,17234419
sent1e8dk2324fh7dt4lt7e4fukm8edmj0f2hj6t4w5,3363010
sent1ec4j7yw9kz4dskjctj25jp2zkv7694pugxyh7l,8235754
sent16nyhy0kzky9llr94nje0t944g04ldse0f60h42,19173291
sent16mq9lwkz5mu7n45z5ecdtawp37lhcf6cfs4wt5,57089588
sent16m5pj85dq9xsma000lugxrcqlfrz0xmnwjsutl,2872403
sent1md56l4zt95f0lve0uur3np49cr58d5u8sewk5s,20329146
sent1u2g5c2glkect6xdfaqh6agf0e3n7mvd8hxxf74,40213645
sent1uvay4nxlvy4uud25dcvdmruhl4n0zg0dh5xej9,2297923
sent1atyqhztej74h8sfwhc3v2rt78z64cq789mzgkp,24924417
sent1asdxd8v5adf2lyeyh2rygu4h9j68ffr837d2se,5014067
sent1a7ma2jphu5jf9pwl84yyrqpacum0z28p0tqw6q,144690992
sent17xquhkcu2r99zucp5cvs0a3ewdwa92m8weh2nq,57448
sent1lfg492xhnde2dpxxmmaa23x52d8yywpgxqfzwn,574480639
